{
  "orders": {
    "12345": {
      "id": "12345",
      "customer_email": "john.doe@email.com",
      "status": "shipped",
      "items": [
        {
          "name": "Wireless Headphones",
          "price": 59.99,
          "quantity": 1
        },
        {
          "name": "Phone Case",
          "price": 19.99,
          "quantity": 1
        }
      ],
      "total": 89.99,
      "tracking": "TRK123456789",
      "order_date": "2025-10-05",
      "estimated_delivery": "2025-10-10",
      "shipping_address": {
        "street": "123 Main St",
        "city": "Anytown",
        "state": "CA",
        "zip": "12345"
      }
    },
    "67890": {
      "id": "67890",
      "customer_email": "jane.smith@email.com",
      "status": "processing",
      "items": [
        {
          "name": "Laptop Stand",
          "price": 35.99,
          "quantity": 1
        },
        {
          "name": "USB Cable",
          "price": 9.99,
          "quantity": 1
        }
      ],
      "total": 45.50,
      "tracking": null,
      "order_date": "2025-10-06",
      "estimated_delivery": "2025-10-12",
      "shipping_address": {
        "street": "456 Oak Ave",
        "city": "Springfield",
        "state": "NY",
        "zip": "67890"
      }
    },
    "11111": {
      "id": "11111",
      "customer_email": "bob.wilson@email.com",
      "status": "delivered",
      "items": [
        {
          "name": "Coffee Mug",
          "price": 15.99,
          "quantity": 1
        },
        {
          "name": "Notebook",
          "price": 9.99,
          "quantity": 1
        }
      ],
      "total": 25.99,
      "tracking": "TRK987654321",
      "order_date": "2025-10-01",
      "estimated_delivery": "2025-10-05",
      "delivered_date": "2025-10-05",
      "shipping_address": {
        "street": "789 Pine Rd",
        "city": "Riverside",
        "state": "TX",
        "zip": "11111"
      }
    }
  },
  "products": {
    "wireless_headphones": {
      "name": "Wireless Headphones",
      "price": 59.99,
      "description": "Premium wireless headphones with active noise cancellation, 30-hour battery life, and crystal-clear audio quality.",
      "in_stock": true,
      "rating": 4.5,
      "reviews_count": 1247,
      "category": "Electronics",
      "features": [
        "Active Noise Cancellation",
        "30-hour battery life",
        "Bluetooth 5.0",
        "Quick charge (5 min = 2 hours playback)"
      ]
    },
    "laptop_stand": {
      "name": "Adjustable Laptop Stand",
      "price": 35.99,
      "description": "Ergonomic aluminum laptop stand with adjustable height and angle. Compatible with laptops 10-17 inches.",
      "in_stock": true,
      "rating": 4.2,
      "reviews_count": 834,
      "category": "Office Supplies",
      "features": [
        "Adjustable height (6 levels)",
        "Aluminum construction",
        "Anti-slip design",
        "Compatible with 10-17 inch laptops"
      ]
    },
    "phone_case": {
      "name": "Protective Phone Case",
      "price": 19.99,
      "description": "Military-grade protection with shock absorption and raised edges for screen protection.",
      "in_stock": false,
      "rating": 4.0,
      "reviews_count": 2156,
      "category": "Phone Accessories",
      "features": [
        "Military-grade protection",
        "Shock absorption",
        "Raised edges for screen protection",
        "Wireless charging compatible"
      ]
    },
    "usb_cable": {
      "name": "USB-C Cable",
      "price": 9.99,
      "description": "High-speed USB-C cable with fast charging and data transfer capabilities. 6ft length.",
      "in_stock": true,
      "rating": 4.3,
      "reviews_count": 567,
      "category": "Electronics",
      "features": [
        "Fast charging support",
        "High-speed data transfer",
        "6ft length",
        "Durable braided design"
      ]
    },
    "coffee_mug": {
      "name": "Insulated Coffee Mug",
      "price": 15.99,
      "description": "Double-walled insulated coffee mug that keeps drinks hot for hours. Leak-proof lid included.",
      "in_stock": true,
      "rating": 4.7,
      "reviews_count": 892,
      "category": "Kitchen",
      "features": [
        "Double-walled insulation",
        "Keeps drinks hot for 6+ hours",
        "Leak-proof lid",
        "Dishwasher safe"
      ]
    }
  },
  "policies": {
    "return_policy": "We offer a 30-day return policy for all items. Items must be in original condition with all packaging and accessories. Return shipping is free for defective items.",
    "shipping_policy": "Standard shipping (3-5 business days) is free on orders over $50. Express shipping (1-2 business days) available for $12.99. Next-day delivery available in select areas for $19.99.",
    "warranty": "Most electronics come with a 1-year manufacturer warranty. Extended warranties available for purchase.",
    "customer_service": "Our customer service is available Monday-Friday 8AM-8PM EST, Saturday 9AM-5PM EST. You can reach us via chat, email, or phone."
  }
}